{
    "server_uri": "models:/m-bd0583be99204cf4ac68f1243bd6c63c",
    "local_uri": "../mlflow/mlartifacts/300877920446874715/models/m-bd0583be99204cf4ac68f1243bd6c63c/artifacts",
    "run_id": "29f4ae3f26834dfd939536d0b57838a9",
    "time_logged": "2025-08-31 01:07:49.901606",
    "model_params": {
        "model_path": "../models/fasttext.model",
        "model_ngram_path": "../models/fasttext.model.wv.vectors_ngrams.npy",
        "recipe_path": "../data/processed_cookbook.pkl",
        "fast_text": {
            "vector_size": 100,
            "window": 5,
            "sg": 0,
            "epochs": 100
        },
        "model_scoring": {
            "w_title": 0.1,
            "w_cosine": 0.2,
            "w_maxsim": 0.7
        }
    },
    "metrics": {
        "Precision_10": 0.3394571886911364,
        "MAP": 0.19081783956783954,
        "MAE": 0.1940248615680723,
        "MSE": 0.053161452762294795,
        "MRR": 0.2166666666666667,
        "F1_10": 0.3664164538518096,
        "Hit-Rate": 0.3,
        "Recall_10": 0.44860077437530793,
        "NDCG": 0.7961161608436464,
        "RMSE": 0.22691767167952398
    }
}